INSERT INTO user_registration (first_name, last_name, email, password) VALUES
('Liam', 'OConnor', 'ostrichclimbing@gmail.com', 'password1'),
('Aisha', 'Khan', 'penguinparade@hotmail.com', 'password2'),
('Giovanni', 'Rossi', 'spaghetti_slinger@yahoo.com', 'password3'),
('Cheng', 'Li', 'kungfupanda@yahoo.com', 'password4'),
('Yara', 'Al-Farsi', 'cactusjuicer@gmail.com', 'password5'),
('Nia', 'Smith', 'bouncingbeetle@gmail.com', 'password6'),
('Kofi', 'Owusu', 'sneakyotter@gmail.com', 'password7'),
('Isabella', 'Gonzalez', 'llamajumping@gmail.com', 'password8'),
('Zhang', 'Wei', 'noodlesintheair@yahoo.com', 'password9'),
('Sofia', 'Petrov', 'crazycucumber@hotmail.com', 'password10'),
('Amir', 'Hosseini', 'flyingmonkey@live.com', 'password11'),
('Freya', 'Jensen', 'unicornfarmers@gmail.com', 'password12'),
('Ravi', 'Patel', 'sillysalmon@yahoo.com', 'password13'),
('Fatima', 'Zahra', 'quirkyquokka@gmail.com', 'password14'),
('Emre', 'Yilmaz', 'disco_dolphin@gmail.com', 'password15'),
('Anita', 'Chakraborty', 'marshmallowmonkey@gmail.com', 'password16'),
('Jamal', 'Nasser', 'snailtornado@gmail.com', 'password17'),
('Ines', 'Moreira', 'banana_bandit@gmail.com', 'password18'),
('Kiran', 'Bansal', 'adventurousant@gmail.com', 'password19'),
('Omar', 'Hussein', 'cheeseball_dude@gmail.com', 'password20'),
('Zara', 'Khan', 'merrymarmot@gmail.com', 'password21'),
('Lucas', 'Martinez', 'frogs_and_lizards@yahoo.com', 'password22'),
('Tina', 'Yadav', 'popcornpanda@gmail.com', 'password23'),
('Liam', 'MacGregor', 'flamingofury@gmail.com', 'password24'),
('Nina', 'Kovalenko', 'dancingdolphins@hotmail.com', 'password25'),
('Jasper', 'Smith', 'muffin_maniac@gmail.com', 'password26'),
('Chloe', 'Liu', 'peanutbutterpandas@yahoo.com', 'password27'),
('Eli', 'Goldstein', 'crazycatlady@gmail.com', 'password28'),
('Amina', 'Diab', 'quirkyturtle@yahoo.com', 'password29'),
('Stefan', 'Peterson', 'bouncingbacon@gmail.com', 'password30'),
('Lara', 'Wang', 'squishyseal@gmail.com', 'password31'),
('Nash', 'Patel', 'turtletango@gmail.com', 'password32'),
('Mei', 'Chen', 'fluffycow@gmail.com', 'password33'),
('Bianca', 'Lopez', 'fuzzy_frog@hotmail.com', 'password34'),
('Emil', 'Sokolov', 'rainbowrabbit@gmail.com', 'password35'),
('Yasmin', 'Farah', 'sparklyspider@gmail.com', 'password36'),
('Soren', 'Nielsen', 'jollyjellyfish@gmail.com', 'password37'),
('Isha', 'Mehta', 'happylizard@gmail.com', 'password38'),
('Oliver', 'Schmidt', 'doodlebug@gmail.com', 'password39'),
('Soraya', 'Ahmad', 'ninja_bunny@gmail.com', 'password40'),
('Daniel', 'Bourgeois', 'icecreaminmymind@gmail.com', 'password41'),
('Maya', 'Orozco', 'fizzyfish@gmail.com', 'password42'),
('Rafael', 'Mendez', 'snickeringsquid@gmail.com', 'password43'),
('Yara', 'Duran', 'cheesecakecrazy@gmail.com', 'password44'),
('Aiden', 'Wright', 'confused_cactus@gmail.com', 'password45'),
('Maya', 'Rivas', 'fancyflamingo@gmail.com', 'password46'),
('Luca', 'Rosetti', 'quizzicalquokka@gmail.com', 'password47'),
('Alyssa', 'Ali', 'dizzy_donkey@gmail.com', 'password48'),
('Keisha', 'Jones', 'pizza_panda@gmail.com', 'password49'),
('Haruto', 'Tanaka', 'balloonbat@gmail.com', 'password50'),
('Hana', 'Kim', 'merrymelon@gmail.com', 'password51'),
('Ben', 'Klein', 'squirrely_squirrel@gmail.com', 'password52'),
('Svetlana', 'Petrova', 'jazzydog@gmail.com', 'password53'),
('Akira', 'Yamamoto', 'robotic_rabbit@gmail.com', 'password54'),
('Milo', 'Jackson', 'incrediblesalad@gmail.com', 'password55'),
('Anya', 'Sokolova', 'wildflowerwhale@gmail.com', 'password56'),
('Oscar', 'Rojas', 'charming_caterpillar@gmail.com', 'password57'),
('Ivy', 'Fowler', 'purring_puma@gmail.com', 'password58'),
('Marco', 'Ferreira', 'fuzzyfleece@gmail.com', 'password59'),
('Kira', 'Sharma', 'twinkling_turtle@gmail.com', 'password60'),
('Tommy', 'Liu', 'quirky_kiwi@gmail.com', 'password61'),
('Olivia', 'Morris', 'witty_wombat@gmail.com', 'password62'),
('Sophie', 'Ritchie', 'tangoing_tiger@gmail.com', 'password63'),
('Tariq', 'Khalid', 'whimsical_walrus@gmail.com', 'password64'),
('Carla', 'Franco', 'lazy_leopard@gmail.com', 'password65'),
('Julian', 'Gonzalez', 'snazzy_snail@gmail.com', 'password66'),
('Dalia', 'Zhang', 'soggy_spaghetti@gmail.com', 'password67'),
('Nikolai', 'Petrov', 'gigglesaurus@gmail.com', 'password68'),
('Jade', 'Nguyen', 'bubbly_bumblebee@gmail.com', 'password69'),
('Nia', 'Singh', 'mischievous_monkey@gmail.com', 'password70'),
('Freddy', 'Wang', 'giggling_gecko@gmail.com', 'password71'),
('Ashanti', 'Morris', 'peppy_pumpkin@gmail.com', 'password72'),
('Ibrahim', 'Omar', 'jumpy_jaguar@gmail.com', 'password73'),
('Rina', 'Kumar', 'cuddly_caterpillar@gmail.com', 'password74'),
('Leon', 'Gomez', 'noodleninja@gmail.com', 'password75'),
('Kelsey', 'Cross', 'spicy_salsa@gmail.com', 'password76'),
('Hugo', 'Martinez', 'dizzy_donkey@yahoo.com', 'password77'),
('Tessa', 'Brooks', 'whimsical_wind@gmail.com', 'password78'),
('Gina', 'DAngelo', 'wacky_wombat@gmail.com', 'password79'),
('Kurt', 'Wagner', 'melody_mongoose@gmail.com', 'password80'),
('Simone', 'Parker', 'crazy_kale@gmail.com', 'password81'),
('Vikram', 'Khan', 'hummingbird_havoc@gmail.com', 'password82'),
('Jess', 'McKenzie', 'froggy_frolic@gmail.com', 'password83'),
('Hattie', 'Thornton', 'wandering_wolverine@gmail.com', 'password84'),
('Raj', 'Saha', 'slothful_snail@gmail.com', 'password85'),
('Nisha', 'Gupta', 'cheeky_chinchilla@gmail.com', 'password86'),
('Silas', 'Richards', 'nutty_narwhal@gmail.com', 'password87'),
('Kylie', 'Bishop', 'pandasparade@gmail.com', 'password88'),
('Tobias', 'Hoffman', 'quirky_qatar@gmail.com', 'password89'),
('Kiana', 'Rios', 'bubble_bat@gmail.com', 'password90'),
('Derek', 'Williams', 'waddling_walrus@gmail.com', 'password91'),
('Lola', 'Santana', 'dancefloor_deer@gmail.com', 'password92'),
('Elena', 'Gonzalez', 'jumping_jellyfish@gmail.com', 'password93'),
('Frank', 'OReilly', 'tinkling_tanuki@gmail.com', 'password94'),
('Bianca', 'Hernandez', 'charming_chinchilla@gmail.com', 'password95'),
('Luca', 'Martinez', 'jumpy_jellybean@gmail.com', 'password96'),
('Jasmine', 'Singh', 'fuzzy_fridge@gmail.com', 'password97'),
('Quinn', 'Alexander', 'crazy_caterpillar@gmail.com', 'password98'),
('Reina', 'Lopez', 'snazy_snail@gmail.com', 'password99'),
('User', 'Testing', 'dancing_donkey@gmail.com', 'password100');


INSERT INTO user_profile (user_id, dob, gender, height, weight, nationality) VALUES
(1, '1995-06-15', 'Male', 180, 75, 'Ireland'),
(2, '1996-07-20', 'Female', 165, 60, 'Pakistan'),
(3, '1992-02-14', 'Male', 175, 70, 'Italy'),
(4, '1994-03-30', 'Female', 170, 55, 'China'),
(5, '1991-04-25', 'Male', 178, 80, 'Oman'),
(6, '1993-05-18', 'Female', 160, 50, 'India'),
(7, '1990-12-01', 'Male', 182, 85, 'Russia'),
(8, '1995-01-22', 'Female', 162, 58, 'Singapore'),
(9, '1988-08-05', 'Male', 177, 76, 'United States'),
(10, '1996-11-30', 'Female', 164, 59, 'Malaysia'),
(11, '1993-02-20', 'Male', 185, 90, 'United Kingdom'),
(12, '1990-03-15', 'Female', 168, 65, 'Australia'),
(13, '1992-04-12', 'Male', 180, 72, 'United States'),
(14, '1994-05-10', 'Female', 158, 52, 'Canada'),
(15, '1991-06-22', 'Male', 176, 70, 'United Kingdom'),
(16, '1996-07-18', 'Female', 165, 58, 'Thailand'),
(17, '1990-08-29', 'Male', 179, 78, 'United States'),
(18, '1992-09-15', 'Female', 170, 66, 'Vietnam'),
(19, '1993-10-05', 'Male', 184, 82, 'United Kingdom'),
(20, '1995-11-12', 'Female', 161, 57, 'Australia'),
(21, '1990-12-14', 'Male', 181, 80, 'United States'),
(22, '1993-01-19', 'Female', 163, 62, 'Canada'),
(23, '1994-02-08', 'Male', 178, 74, 'United Kingdom'),
(24, '1995-03-02', 'Female', 162, 56, 'Australia'),
(25, '1991-04-20', 'Male', 176, 77, 'Indonesia'),
(26, '1992-05-15', 'Female', 160, 51, 'Mexico'),
(27, '1993-06-30', 'Male', 181, 82, 'France'),
(28, '1994-07-25', 'Female', 164, 64, 'Germany'),
(29, '1995-08-19', 'Male', 179, 73, 'Japan'),
(30, '1996-09-14', 'Female', 165, 55, 'South Korea'),
(31, '1990-10-12', 'Male', 185, 88, 'South Africa'),
(32, '1991-11-05', 'Female', 169, 62, 'New Zealand'),
(33, '1992-12-28', 'Male', 183, 81, 'Brazil'),
(34, '1993-01-10', 'Female', 160, 50, 'Canada'),
(35, '1994-02-18', 'Male', 178, 75, 'Netherlands'),
(36, '1995-03-20', 'Female', 162, 58, 'Sweden'),
(37, '1996-04-30', 'Male', 182, 84, 'United States'),
(38, '1990-05-14', 'Female', 164, 63, 'Kenya'),
(39, '1991-06-22', 'Male', 179, 80, 'United Kingdom'),
(40, '1992-07-30', 'Female', 161, 54, 'Singapore'),
(41, '1993-08-18', 'Male', 176, 77, 'Philippines'),
(42, '1994-09-10', 'Female', 165, 62, 'Malaysia'),
(43, '1995-10-15', 'Male', 182, 85, 'Argentina'),
(44, '1996-11-14', 'Female', 160, 55, 'Thailand'),
(45, '1990-12-22', 'Male', 180, 78, 'South Africa'),
(46, '1991-01-18', 'Female', 163, 61, 'Egypt'),
(47, '1992-02-20', 'Male', 184, 83, 'Morocco'),
(48, '1993-03-25', 'Female', 168, 66, 'Australia'),
(49, '1994-04-30', 'Male', 177, 76, 'Greece'),
(50, '1995-05-12', 'Female', 164, 59, 'Mexico'),
(51, '1996-06-10', 'Male', 179, 82, 'Poland'),
(52, '1990-07-18', 'Female', 161, 53, 'New Zealand'),
(53, '1991-08-30', 'Male', 181, 77, 'Indonesia'),
(54, '1992-09-29', 'Female', 165, 62, 'Vietnam'),
(55, '1993-10-22', 'Male', 178, 73, 'Norway'),
(56, '1994-11-21', 'Female', 170, 64, 'Denmark'),
(57, '1995-12-20', 'Male', 183, 84, 'United States'),
(58, '1996-01-11', 'Female', 160, 51, 'Cuba'),
(59, '1990-02-01', 'Male', 176, 75, 'Peru'),
(60, '1991-03-05', 'Female', 162, 56, 'Chile'),
(61, '1992-04-28', 'Male', 185, 88, 'Spain'),
(62, '1993-05-19', 'Female', 167, 65, 'Turkey'),
(63, '1994-06-15', 'Male', 178, 72, 'Portugal'),
(64, '1995-07-20', 'Female', 165, 58, 'Finland'),
(65, '1996-08-29', 'Male', 182, 80, 'Ukraine'),
(66, '1990-09-11', 'Female', 164, 61, 'Lithuania'),
(67, '1991-10-07', 'Male', 180, 74, 'Switzerland'),
(68, '1992-11-25', 'Female', 170, 63, 'Austria'),
(69, '1993-12-31', 'Male', 177, 73, 'Mexico'),
(70, '1994-01-23', 'Female', 162, 57, 'Belgium'),
(71, '1995-02-09', 'Male', 185, 82, 'Czech Republic'),
(72, '1996-03-15', 'Female', 163, 60, 'Hungary'),
(73, '1990-04-12', 'Male', 182, 78, 'Slovakia'),
(74, '1991-05-30', 'Female', 160, 54, 'Iceland'),
(75, '1992-06-28', 'Male', 180, 76, 'Romania'),
(76, '1993-07-25', 'Female', 164, 59, 'Serbia'),
(77, '1994-08-19', 'Male', 176, 74, 'Croatia'),
(78, '1995-09-10', 'Female', 165, 61, 'South Korea'),
(79, '1996-10-22', 'Male', 179, 79, 'Japan'),
(80, '1990-11-15', 'Female', 168, 62, 'Malaysia'),
(81, '1991-12-28', 'Male', 184, 82, 'Brazil'),
(82, '1992-01-20', 'Female', 161, 55, 'Canada'),
(83, '1993-02-05', 'Male', 180, 75, 'Colombia'),
(84, '1994-03-18', 'Female', 165, 60, 'Argentina'),
(85, '1995-04-25', 'Male', 178, 78, 'Singapore'),
(86, '1996-05-14', 'Female', 160, 53, 'Thailand'),
(87, '1990-06-12', 'Male', 181, 81, 'United States'),
(88, '1991-07-08', 'Female', 162, 57, 'Vietnam'),
(89, '1992-08-30', 'Male', 179, 74, 'Philippines'),
(90, '1993-09-24', 'Female', 164, 58, 'Indonesia'),
(91, '1994-10-30', 'Male', 185, 85, 'United Kingdom'),
(92, '1995-11-14', 'Female', 165, 58, 'Australia'),
(93, '1996-12-01', 'Male', 176, 76, 'United States'),
(94, '1990-01-25', 'Female', 162, 55, 'Canada'),
(95, '1991-02-10', 'Male', 181, 78, 'United Kingdom'),
(96, '1992-03-15', 'Female', 163, 60, 'Malaysia'),
(97, '1993-04-20', 'Male', 180, 82, 'Thailand'),
(98, '1994-05-28', 'Female', 168, 66, 'Mexico'),
(99, '1995-06-30', 'Male', 178, 75, 'Indonesia'),
(100, '1996-07-18', 'Female', 164, 62, 'Singapore');

INSERT INTO friendship (responder_id, requester_id, status) VALUES 
(1, 2, 'Pending'),
(1, 3, 'Pending'),
(1, 4, 'Pending'),
(2, 3, 'Pending'),
(2, 4, 'Pending'),
(3, 4, 'Pending'),
(4, 5, 'Pending'),
(5, 6, 'Pending'),
(6, 7, 'Pending'),
(7, 8, 'Pending');

INSERT INTO activity_type (activity_name, activity_multiplier) VALUES 
('Run', 10.00),   -- MET value for running
('Swim', 8.00),   -- MET value for swimming
('Cycle', 8.00),  -- MET value for cycling
('Walk', 3.80);   -- MET value for walking

INSERT INTO activity_log (activity_duration, distance, step_count, calories_burnt, activity_id, user_id) VALUES 
(30, 5.00, 4000, 300.00, 1, 1),  -- Running for 30 mins
(60, 1.00, 0, 350.00, 2, 1),  -- Swimming for 60 mins
(45, 15.00, 0, 450.00, 3, 1), -- Cycling for 45 mins
(30, 2.00, 3000, 150.00, 4, 1);  -- Walking for 30 mins
(25, 4.50, 3500, 280.00, 1, 2),  -- Running for 25 mins
(70, 1.50, 0, 400.00, 2, 2),  -- Swimming for 70 mins
(50, 12.00, 0, 420.00, 3, 2), -- Cycling for 50 mins
(40, 3.50, 4500, 180.00, 4, 2);  -- Walking for 40 mins

INSERT INTO badge_type (badge_id, badge_name) VALUES
(1, 'Oct 2024 5km Run Challenge'),
(2, 'Nov 2024 10km Run Challenge'),
(3, 'Dec 2024 15km Run Challenge '),
(4, 'Jan 2024 5km Walk Challenge ');

INSERT INTO avail_challenges (challenge_type, challenge_deadline, activity_id, participants_num, status , badge_id, distance) VALUES
('Running',  '2024-10-11', 1, 50, 'Active', 1, 5),
('Running',  '2024-11-11', 2, 50, 'Active', 2, 10),
('Running',  '2024-12-11', 3, 50, 'Active', 3, 15),
('Walking',  '2024-01-01', 3, 50, 'Active', 4, 5);

INSERT INTO user_challenges (user_id, challenge_id, status) VALUES
(1, 1, 'Active'),
(2, 2, 'Active'),
(3, 3, 'Active');

INSERT INTO badge_records (user_id, challenge_id, badge_name, achieved_date) VALUES
(1, 1, 'Oct 2024 5km Run Challenge', '2023-10-29'),
(2, 2, 'Nov 2024 5km Run Challenge', '2023-11-30'),
(3, 3, 'Dec 2024 5km Run Challenge ', '2023-12-31');

INSERT INTO goals (goal_name, goal_deadline, target_distance, progress, user_id, activity_id) VALUES 
('Run 5 km', '2024-11-30', 5.00, 0, 1, 1), -- Goal for running 5 km by user 1
('Swim 2 km', '2024-11-30', 2.00, 0, 1, 2), -- Goal for swimming 2 km by user 1
('Cycle 50 km', '2024-11-30', 50.00, 0, 1, 3), -- Goal for cycling 50 km by user 1
('Walk 3 km', '2024-11-30', 3.00, 0, 1, 4), -- Goal for walking 3 km by user 1
('Run 6 km', '2024-12-15', 6.00, 0, 2, 1), -- Goal for running 6 km by user 2
('Swim 3 km', '2024-12-05', 3.00, 0, 2, 2), -- Goal for swimming 3 km by user 2
('Cycle 40 km', '2024-12-10', 40.00, 0, 2, 3), -- Goal for cycling 40 km by user 2
('Walk 5 km', '2024-12-20', 5.00, 0, 2, 4); -- Goal for walking 5 km by user 2

INSERT INTO leaderboard (rank, challenge_id, user_id, distance, time, achieved_date) VALUES
(1, 1, 1, 5.00, 25.00, '2024-01-01'),
(2, 2, 2, 20.00, 60.00, '2024-01-02'),
(3, 3, 3, 10.00, 100.00, '2024-01-03');
